{
  "summary": {
    "notes_processed": 15,
    "total_entities": 279,
    "successful_links": 101,
    "overall_accuracy": 0.36200716845878134,
    "metrics_at_k": {
      "1": {
        "precision": 0.6,
        "recall": 0.5948717948717949,
        "f1": 0.5965811965811966
      },
      "3": {
        "precision": 0.20341880341880342,
        "recall": 0.6,
        "f1": 0.3030769230769231
      },
      "5": {
        "precision": 0.12205128205128205,
        "recall": 0.6,
        "f1": 0.20244200244200247
      },
      "10": {
        "precision": 0.06102564102564102,
        "recall": 0.6,
        "f1": 0.11064491064491064
      }
    },
    "overall_metrics_at_k": {
      "1": {
        "precision": 1.0,
        "recall": 0.9805825242718447,
        "f1": 0.9901960784313726
      },
      "3": {
        "precision": 0.33993399339933994,
        "recall": 1.0,
        "f1": 0.5073891625615764
      },
      "5": {
        "precision": 0.20396039603960395,
        "recall": 1.0,
        "f1": 0.3388157894736842
      },
      "10": {
        "precision": 0.10198019801980197,
        "recall": 1.0,
        "f1": 0.18508535489667563
      }
    }
  },
  "model": "qwen3:1.7b"
}