{
  "summary": {
    "notes_processed": 15,
    "total_entities": 10,
    "successful_links": 3,
    "overall_accuracy": 0.3,
    "metrics_at_k": {
      "1": {
        "precision": 0.06666666666666667,
        "recall": 0.06666666666666667,
        "f1": 0.06666666666666667
      },
      "3": {
        "precision": 0.02222222222222222,
        "recall": 0.06666666666666667,
        "f1": 0.03333333333333333
      },
      "5": {
        "precision": 0.013333333333333336,
        "recall": 0.06666666666666667,
        "f1": 0.02222222222222222
      },
      "10": {
        "precision": 0.006666666666666668,
        "recall": 0.06666666666666667,
        "f1": 0.01212121212121212
      }
    },
    "overall_metrics_at_k": {
      "1": {
        "precision": 1.0,
        "recall": 1.0,
        "f1": 1.0
      },
      "3": {
        "precision": 0.3333333333333333,
        "recall": 1.0,
        "f1": 0.5
      },
      "5": {
        "precision": 0.2,
        "recall": 1.0,
        "f1": 0.33333333333333337
      },
      "10": {
        "precision": 0.1,
        "recall": 1.0,
        "f1": 0.18181818181818182
      }
    }
  },
  "model": "gemma3:1b"
}