{
  "summary": {
    "notes_processed": 15,
    "total_entities": 35,
    "successful_links": 5,
    "overall_accuracy": 0.14285714285714285,
    "metrics_at_k": {
      "1": {
        "precision": 0.26666666666666666,
        "recall": 0.26666666666666666,
        "f1": 0.26666666666666666
      },
      "3": {
        "precision": 0.08888888888888888,
        "recall": 0.26666666666666666,
        "f1": 0.13333333333333333
      },
      "5": {
        "precision": 0.05333333333333334,
        "recall": 0.26666666666666666,
        "f1": 0.08888888888888889
      },
      "10": {
        "precision": 0.02666666666666667,
        "recall": 0.26666666666666666,
        "f1": 0.048484848484848485
      }
    },
    "overall_metrics_at_k": {
      "1": {
        "precision": 1.0,
        "recall": 1.0,
        "f1": 1.0
      },
      "3": {
        "precision": 0.3333333333333333,
        "recall": 1.0,
        "f1": 0.5
      },
      "5": {
        "precision": 0.2,
        "recall": 1.0,
        "f1": 0.33333333333333337
      },
      "10": {
        "precision": 0.1,
        "recall": 1.0,
        "f1": 0.18181818181818182
      }
    }
  },
  "model": "tinyllama:1.1b"
}