{
  "summary": {
    "notes_processed": 15,
    "total_entities": 76,
    "successful_links": 40,
    "overall_accuracy": 0.5263157894736842,
    "metrics_at_k": {
      "1": {
        "precision": 0.3333333333333333,
        "recall": 0.3305555555555556,
        "f1": 0.3314814814814815
      },
      "3": {
        "precision": 0.11296296296296296,
        "recall": 0.3333333333333333,
        "f1": 0.16833333333333333
      },
      "5": {
        "precision": 0.06777777777777777,
        "recall": 0.3333333333333333,
        "f1": 0.11243386243386246
      },
      "10": {
        "precision": 0.033888888888888885,
        "recall": 0.3333333333333333,
        "f1": 0.061447811447811446
      }
    },
    "overall_metrics_at_k": {
      "1": {
        "precision": 1.0,
        "recall": 0.975609756097561,
        "f1": 0.9876543209876543
      },
      "3": {
        "precision": 0.3416666666666667,
        "recall": 1.0,
        "f1": 0.5093167701863354
      },
      "5": {
        "precision": 0.205,
        "recall": 1.0,
        "f1": 0.3402489626556016
      },
      "10": {
        "precision": 0.1025,
        "recall": 1.0,
        "f1": 0.18594104308390022
      }
    }
  },
  "model": "llama3.2:1b"
}