{
  "summary": {
    "notes_processed": 15,
    "total_entities": 271,
    "successful_links": 74,
    "overall_accuracy": 0.2730627306273063,
    "metrics_at_k": {
      "1": {
        "precision": 0.6666666666666666,
        "recall": 0.6608585858585859,
        "f1": 0.6627946127946128
      },
      "3": {
        "precision": 0.2260942760942761,
        "recall": 0.6666666666666666,
        "f1": 0.33681818181818185
      },
      "5": {
        "precision": 0.13565656565656567,
        "recall": 0.6666666666666666,
        "f1": 0.22498797498797501
      },
      "10": {
        "precision": 0.06782828282828283,
        "recall": 0.6666666666666666,
        "f1": 0.12297214569941844
      }
    },
    "overall_metrics_at_k": {
      "1": {
        "precision": 1.0,
        "recall": 0.9736842105263158,
        "f1": 0.9866666666666666
      },
      "3": {
        "precision": 0.34234234234234234,
        "recall": 1.0,
        "f1": 0.5100671140939597
      },
      "5": {
        "precision": 0.20540540540540542,
        "recall": 1.0,
        "f1": 0.34080717488789236
      },
      "10": {
        "precision": 0.10270270270270271,
        "recall": 1.0,
        "f1": 0.18627450980392157
      }
    }
  },
  "model": "deepseek-r1:1.5b"
}